﻿{
  "bomID": 1,
  "branchQTY": 0,
  "children": [
    {
      "bomID": 1,
      "branchQTY": 1,
      "empty": true,
      "name": "FRAME",
      "printID": "FRAME___________________________________| QTY: **1 | PRT | BOMID: **1",
      "qty": 1,
      "totalTreeQTY": "1",
      "type": "PRT"
    },
    {
      "bomID": 2,
      "branchQTY": 1,
      "children": [
        {
          "bomID": 1,
          "branchQTY": 1,
          "name": "ENGINE_BLOCK",
          "printID": "ENGINE_BLOCK____________________________| QTY: **1 | PRT | BOMID: **1",
          "qty": 1,
          "totalTreeQTY": "1",
          "type": "PRT"
        },
        {
          "bomID": 2,
          "branchQTY": 1,
          "name": "CRANKSHAFT",
          "printID": "CRANKSHAFT______________________________| QTY: **1 | PRT | BOMID: **2",
          "qty": 1,
          "totalTreeQTY": "1",
          "type": "PRT"
        },
        {
          "bomID": 3,
          "branchQTY": 1,
          "children": [
            {
              "bomID": 1,
              "branchQTY": 1,
              "name": "PISTON",
              "printID": "PISTON__________________________________| QTY: **1 | PRT | BOMID: **1",
              "qty": 1,
              "totalTreeQTY": "1",
              "type": "PRT"
            },
            {
              "bomID": 2,
              "branchQTY": 1,
              "name": "PISTON_PIN",
              "printID": "PISTON_PIN______________________________| QTY: **1 | PRT | BOMID: **2",
              "qty": 1,
              "totalTreeQTY": "1",
              "type": "PRT"
            },
            {
              "bomID": 3,
              "branchQTY": 1,
              "name": "CONNECTING_ROD",
              "printID": "CONNECTING_ROD__________________________| QTY: **1 | PRT | BOMID: **3",
              "qty": 1,
              "totalTreeQTY": "1",
              "type": "PRT"
            }
          ],
          "empty": false,
          "name": "PISTON_ASSY",
          "printID": "PISTON_ASSY_____________________________| QTY: **1 | ASM | BOMID: **3",
          "qty": 1,
          "totalTreeQTY": "1",
          "type": "ASM"
        }
      ],
      "empty": false,
      "name": "ENGINE",
      "printID": "ENGINE__________________________________| QTY: **1 | ASM | BOMID: **2",
      "qty": 1,
      "totalTreeQTY": "1",
      "type": "ASM"
    },
    {
      "bomID": 3,
      "branchQTY": 1,
      "empty": true,
      "name": "IMPELLER",
      "printID": "IMPELLER________________________________| QTY: **1 | PRT | BOMID: **3",
      "qty": 1,
      "totalTreeQTY": "1",
      "type": "PRT"
    },
    {
      "bomID": 4,
      "branchQTY": 1,
      "children": [
        {
          "bomID": 1,
          "branchQTY": 1,
          "name": "IMPELLER_HOUSING",
          "printID": "IMPELLER_HOUSING________________________| QTY: **1 | PRT | BOMID: **1",
          "qty": 1,
          "totalTreeQTY": "1",
          "type": "PRT"
        },
        {
          "bomID": 2,
          "branchQTY": 1,
          "name": "FLANGE",
          "printID": "FLANGE__________________________________| QTY: **1 | PRT | BOMID: **2",
          "qty": 1,
          "totalTreeQTY": "1",
          "type": "PRT"
        }
      ],
      "empty": false,
      "name": "BLOWER",
      "printID": "BLOWER__________________________________| QTY: **1 | ASM | BOMID: **4",
      "qty": 1,
      "totalTreeQTY": "1",
      "type": "ASM"
    },
    {
      "bomID": 5,
      "branchQTY": 4,
      "empty": true,
      "name": "BOLT_12",
      "printID": "BOLT_12_________________________________| QTY: **4 | PRT | BOMID: **5",
      "qty": 4,
      "totalTreeQTY": "4",
      "type": "PRT"
    },
    {
      "bomID": 6,
      "branchQTY": 4,
      "empty": true,
      "name": "BOLT_8",
      "printID": "BOLT_8__________________________________| QTY: **4 | PRT | BOMID: **6",
      "qty": 4,
      "totalTreeQTY": "4",
      "type": "PRT"
    },
    {
      "bomID": 7,
      "branchQTY": 6,
      "empty": true,
      "name": "BOLT_5",
      "printID": "BOLT_5__________________________________| QTY: **6 | PRT | BOMID: **7",
      "qty": 6,
      "totalTreeQTY": "6",
      "type": "PRT"
    }
  ],
  "empty": false,
  "name": "ENGINE_BLOWER",
  "printID": "ENGINE_BLOWER___________________________| QTY: **1 | ASM | BOMID: **1",
  "qty": 1,
  "totalTreeQTY": 1,
  "type": "ASM"
}